,rank,Youtuber,subscribers,video views,category,Title,uploads,Country,Abbreviation,channel_type,video_views_rank,country_rank,channel_type_rank,video_views_for_the_last_30_days,lowest_monthly_earnings,highest_monthly_earnings,lowest_yearly_earnings,highest_yearly_earnings,subscribers_for_last_30_days,created_year,created_month,created_date,Gross tertiary education enrollment (%),Population,Unemployment rate,Urban_population,Latitude,Longitude,Country_1
0,1,T-Series,245000000,228000000000.0,Music,T-Series,20082,India,IN,Music,1.0,1.0,1.0,2258000000.0,564600.0,9000000.0,6800000.0,108400000.0,2000000.0,2006.0,Mar,13.0,28.1,1366417754.0,5.36,471031528.0,20.593684,78.96288,India
10,11,Zee Music Company,96700000,57856289381.0,Music,Zee Music Company,8548,India,IN,Music,12.0,3.0,2.0,803613000.0,200900.0,3200000.0,2400000.0,38600000.0,1100000.0,2014.0,Mar,12.0,28.1,1366417754.0,5.36,471031528.0,20.593684,78.96288,India
13,14,BLACKPINK,89800000,32144597566.0,People & Blogs,BLACKPINK,543,South Korea,KR,Music,32.0,1.0,3.0,498930000.0,124700.0,2000000.0,1500000.0,23900000.0,700000.0,2016.0,Jun,29.0,94.3,51709098.0,4.15,42106719.0,35.907757,127.766922,South Korea
17,18,BANGTANTV,75600000,20826993957.0,Music,BANGTANTV,2281,South Korea,KR,Music,112.0,2.0,4.0,168290000.0,42100.0,673200.0,504900.0,8100000.0,400000.0,2012.0,Dec,17.0,94.3,51709098.0,4.15,42106719.0,35.907757,127.766922,South Korea
19,20,Justin Bieber,71600000,30608119724.0,Music,Justin Bieber,249,Canada,CA,Music,38.0,1.0,6.0,176326000.0,44100.0,705300.0,529000.0,8500000.0,100000.0,2007.0,Jan,15.0,68.9,36991981.0,5.56,30628482.0,56.130366,-106.346771,Canada
20,21,HYBE LABELS,71300000,28634566938.0,Music,HYBE LABELS,1337,South Korea,KR,Music,46.0,3.0,5.0,598173000.0,149500.0,2400000.0,1800000.0,28700000.0,900000.0,2008.0,Jun,4.0,94.3,51709098.0,4.15,42106719.0,35.907757,127.766922,South Korea
23,24,Canal KondZilla,66500000,36775585925.0,Music,Canal KondZilla,2572,Brazil,BR,Music,25.0,1.0,7.0,447223000.0,0.0,0.0,0.0,0.0,,2012.0,Mar,21.0,51.3,212559417.0,12.08,183241641.0,-14.235004,-51.92528,Brazil
25,26,Shemaroo Filmi Gaane,65600000,28648024439.0,Music,Shemaroo Filmi Gaane,8502,India,IN,Music,47.0,8.0,8.0,254961000.0,63700.0,1000000.0,764900.0,12200000.0,400000.0,2010.0,Jun,11.0,28.1,1366417754.0,5.36,471031528.0,20.593684,78.96288,India
27,28,T-Series Bhakti Sagar,61000000,29533230328.0,Music,T- SERIES BHAKTI SAGAR,13,India,IN,Music,4053938.0,5803.0,5744.0,10.0,0.0,0.04,0.03,0.48,,2018.0,Aug,3.0,28.1,1366417754.0,5.36,471031528.0,20.593684,78.96288,India
30,31,Tips Official,59300000,33431802698.0,Music,Tips Official,4741,India,IN,Music,30.0,11.0,10.0,422634000.0,105700.0,1700000.0,1300000.0,20300000.0,600000.0,2007.0,May,22.0,28.1,1366417754.0,5.36,471031528.0,20.593684,78.96288,India
31,32,El Reino Infantil,58400000,57271630846.0,Music,El Reino Infantil,1510,Argentina,AR,Music,13.0,1.0,11.0,611828000.0,153000.0,2400000.0,1800000.0,29400000.0,600000.0,2011.0,Jun,2.0,90.0,44938712.0,9.79,41339571.0,-38.416097,-63.616672,Argentina
32,33,Wave Music,58000000,40602020243.0,Music,Wave Music,19487,India,IN,Music,21.0,12.0,12.0,232025000.0,58000.0,928100.0,696100.0,11100000.0,500000.0,2014.0,Oct,29.0,28.1,1366417754.0,5.36,471031528.0,20.593684,78.96288,India
34,35,Sony Music India,57200000,28837144516.0,Music,Sony Music India,3882,India,IN,Music,45.0,14.0,13.0,259310000.0,64800.0,1000000.0,777900.0,12400000.0,300000.0,2009.0,Sep,2.0,28.1,1366417754.0,5.36,471031528.0,20.593684,78.96288,India
35,36,EminemMusic,56900000,27073872856.0,Music,EminemMusic,156,United States,US,Music,59.0,10.0,14.0,260193000.0,65000.0,1000000.0,780600.0,12500000.0,300000.0,2007.0,Feb,9.0,88.2,328239523.0,14.7,270663028.0,37.09024,-95.712891,United States
36,37,Marshmello,56400000,14696003229.0,Entertainment,Marshmello,436,United States,US,Music,233.0,11.0,15.0,112100000.0,28000.0,448400.0,336300.0,5400000.0,100000.0,2015.0,Apr,6.0,88.2,328239523.0,14.7,270663028.0,37.09024,-95.712891,United States
37,38,YRF,54600000,35302243691.0,Film & Animation,YRF,3707,India,IN,Music,28.0,15.0,16.0,512093000.0,128000.0,2000000.0,1500000.0,24600000.0,500000.0,2006.0,Jun,7.0,28.1,1366417754.0,5.36,471031528.0,20.593684,78.96288,India
39,40,Ed Sheeran,53500000,30367676736.0,Music,Ed Sheeran,383,United Kingdom,GB,Music,39.0,1.0,18.0,202720000.0,50700.0,810900.0,608200.0,9700000.0,100000.0,2006.0,Aug,8.0,60.0,66834405.0,3.85,55908316.0,55.378051,-3.435973,United Kingdom
41,42,Taylor Swift,52900000,29884657286.0,Music,Taylor Swift,216,United States,US,Music,40.0,13.0,19.0,528392000.0,132100.0,2100000.0,1600000.0,25400000.0,800000.0,2006.0,Sep,20.0,88.2,328239523.0,14.7,270663028.0,37.09024,-95.712891,United States
42,43,Ariana Grande,52700000,24004842608.0,Music,Ariana Grande,147,United States,US,Music,78.0,14.0,20.0,160216000.0,40100.0,640900.0,480600.0,7700000.0,100000.0,2007.0,Jan,22.0,88.2,328239523.0,14.7,270663028.0,37.09024,-95.712891,United States
45,46,Billie Eilish,47900000,13626331061.0,Music,Billie Eilish,65,United States,US,Music,263.0,16.0,21.0,146862000.0,36700.0,587400.0,440600.0,7000000.0,200000.0,2013.0,Feb,6.0,88.2,328239523.0,14.7,270663028.0,37.09024,-95.712891,United States
49,50,SonyMusicIndiaVEVO,46600000,27286058807.0,Music,SonyMusicIndiaVEVO,3444,United States,US,Music,55.0,17.0,22.0,314505000.0,78600.0,1300000.0,943500.0,15100000.0,400000.0,2009.0,Sep,2.0,88.2,328239523.0,14.7,270663028.0,37.09024,-95.712891,United States
58,59,Katy Perry,44200000,25458952022.0,Music,Katy Perry,128,United States,US,Music,70.0,19.0,24.0,134242000.0,33600.0,537000.0,402700.0,6400000.0,100000.0,2008.0,Jun,1.0,88.2,328239523.0,14.7,270663028.0,37.09024,-95.712891,United States
66,67,Speed Records,42500000,26820902622.0,Music,Speed Records,10938,India,IN,Music,62.0,19.0,26.0,159757000.0,39900.0,639000.0,479300.0,7700000.0,100000.0,2012.0,Nov,22.0,28.1,1366417754.0,5.36,471031528.0,20.593684,78.96288,India
69,70,Rihanna,41900000,22477745835.0,Entertainment,Rihanna,84,Barbados,BB,Music,98.0,1.0,27.0,182926000.0,45700.0,731700.0,548800.0,8800000.0,100000.0,2005.0,Nov,6.0,65.4,287025.0,10.33,89431.0,13.193887,-59.543198,others
70,71,Ishtar Music,41400000,17608931161.0,Trailers,Ishtar Music,4510,India,IN,Music,155.0,20.0,28.0,180942000.0,45200.0,723800.0,542800.0,8700000.0,400000.0,2005.0,Sep,22.0,28.1,1366417754.0,5.36,471031528.0,20.593684,78.96288,India
79,80,XXXTENTACION,39200000,10507474316.0,Music,XXXTENTACION,133,United States,US,Music,403.0,24.0,29.0,58362000.0,14600.0,233400.0,175100.0,2800000.0,100000.0,2015.0,Jun,23.0,88.2,328239523.0,14.7,270663028.0,37.09024,-95.712891,United States
83,84,GR6 EXPLODE,38900000,25154232306.0,Music,GR6 EXPLODE,3043,Brazil,BR,Music,73.0,6.0,30.0,1635000000.0,408700.0,6500000.0,4900000.0,78500000.0,100000.0,2014.0,Aug,5.0,51.3,212559417.0,12.08,183241641.0,-14.235004,-51.92528,Brazil
86,87,Goldmines Gaane Sune Ansune,38300000,16718192386.0,Music,Goldmines Gaane Sune Ansune,3532,India,IN,Music,170.0,22.0,31.0,814756000.0,203700.0,3300000.0,2400000.0,39100000.0,400000.0,2015.0,Aug,24.0,28.1,1366417754.0,5.36,471031528.0,20.593684,78.96288,India
87,88,One Direction,38200000,13598903820.0,Music,21 Savage,11,United States,US,Music,539848.0,2904.0,2594.0,6348.0,2.0,25.0,19.0,305.0,100.0,2016.0,Jun,26.0,88.2,328239523.0,14.7,270663028.0,37.09024,-95.712891,United States
90,91,Daddy Yankee,38000000,22731415608.0,Music,Daddy Yankee,505,United States,US,Music,92.0,27.0,33.0,205594000.0,51400.0,822400.0,616800.0,9900000.0,100000.0,2011.0,May,16.0,88.2,328239523.0,14.7,270663028.0,37.09024,-95.712891,United States
97,98,Bruno Mars,36700000,19378155425.0,Music,Bruno Mars,99,United States,US,Music,134.0,30.0,34.0,175243000.0,43800.0,701000.0,525700.0,8400000.0,200000.0,2006.0,Sep,19.0,88.2,328239523.0,14.7,270663028.0,37.09024,-95.712891,United States
98,99,Maroon 5,36600000,22553923546.0,Music,Maroon 5,171,United States,US,Music,96.0,31.0,35.0,152825000.0,38200.0,611300.0,458500.0,7300000.0,,2006.0,Mar,9.0,88.2,328239523.0,14.7,270663028.0,37.09024,-95.712891,United States
105,106,La Granja de Zenï¿½,35700000,27118354077.0,Music,La Granja de Zenï¿½,654,Argentina,AR,Music,58.0,2.0,37.0,302071000.0,75500.0,1200000.0,906200.0,14500000.0,400000.0,2013.0,Jun,6.0,90.0,44938712.0,9.79,41339571.0,-38.416097,-63.616672,Argentina
106,107,Saregama Music,35500000,15657673422.0,Entertainment,Saregama Music,7566,India,IN,Music,199.0,27.0,38.0,533793000.0,133400.0,2100000.0,1600000.0,25600000.0,900000.0,2013.0,Jan,4.0,28.1,1366417754.0,5.36,471031528.0,20.593684,78.96288,India
108,109,T-Series Bollywood Classics,35400000,22637783517.0,Music,T-Series Bollywood Classics,2010,India,IN,Music,94.0,28.0,39.0,331474000.0,82900.0,1300000.0,994400.0,15900000.0,500000.0,2012.0,Apr,2.0,28.1,1366417754.0,5.36,471031528.0,20.593684,78.96288,India
115,116,Geet MP3,34300000,12746535822.0,Music,Geet MP3,679,India,IN,Music,299.0,31.0,41.0,101357000.0,25300.0,405400.0,304100.0,4900000.0,100000.0,2016.0,Oct,22.0,28.1,1366417754.0,5.36,471031528.0,20.593684,78.96288,India
116,117,J Balvin,34100000,23005313609.0,Music,J Balvin,141,Colombia,CO,Music,89.0,2.0,42.0,128696000.0,32200.0,514800.0,386100.0,6200000.0,100000.0,2011.0,Feb,18.0,55.3,50339443.0,9.71,40827302.0,4.570868,-74.297333,Colombia
123,124,Selena Gomez,33600000,13013567335.0,Film & Animation,Selena Gomez,188,United States,US,Music,288.0,38.0,43.0,115792000.0,28900.0,463200.0,347400.0,5600000.0,200000.0,2008.0,Feb,8.0,88.2,328239523.0,14.7,270663028.0,37.09024,-95.712891,United States
127,128,NoCopyrightSounds,33400000,10530729078.0,Music,NoCopyrightSounds,1331,United Kingdom,GB,Music,402.0,3.0,44.0,55654000.0,13900.0,222600.0,167000.0,2700000.0,,2011.0,Aug,14.0,60.0,66834405.0,3.85,55908316.0,55.378051,-3.435973,United Kingdom
133,134,DisneyMusicVEVO,32700000,28516250629.0,Music,DisneyMusicVEVO,2068,United States,US,Music,50.0,40.0,45.0,329861000.0,82500.0,1300000.0,989600.0,15800000.0,300000.0,2010.0,May,20.0,88.2,328239523.0,14.7,270663028.0,37.09024,-95.712891,United States
134,135,The Weeknd,32600000,23379969006.0,Music,The Weeknd,169,Canada,CA,Music,85.0,3.0,45.0,373828000.0,93500.0,1500000.0,1100000.0,17900000.0,200000.0,2011.0,Feb,25.0,68.9,36991981.0,5.56,30628482.0,56.130366,-106.346771,Canada
136,137,KAROL G,32100000,18699145555.0,Music,KAROL G,134,Colombia,CO,Music,140.0,3.0,46.0,465647000.0,116400.0,1900000.0,1400000.0,22400000.0,300000.0,2013.0,Mar,14.0,55.3,50339443.0,9.71,40827302.0,4.570868,-74.297333,Colombia
144,145,Worldwide Records Bhojpuri,31700000,16476978876.0,Music,Worldwide Records Bhojpuri,6518,India,IN,Music,177.0,39.0,48.0,112648000.0,28200.0,450600.0,337900.0,5400000.0,200000.0,2012.0,Mar,15.0,28.1,1366417754.0,5.36,471031528.0,20.593684,78.96288,India
148,149,JustinBieberVEVO,31600000,26583873105.0,Music,JustinBieberVEVO,204,United States,US,Music,63.0,42.0,49.0,105126000.0,26300.0,420500.0,315400.0,5000000.0,,2009.0,Sep,26.0,88.2,328239523.0,14.7,270663028.0,37.09024,-95.712891,United States
154,155,ImagineDragons,30700000,16793072362.0,Music,ImagineDragons,92,United States,US,Music,169.0,45.0,50.0,188837000.0,47200.0,755300.0,566500.0,9100000.0,100000.0,2009.0,Aug,3.0,88.2,328239523.0,14.7,270663028.0,37.09024,-95.712891,United States
160,161,Trap Nation,30400000,14037426379.0,Music,Trap Nation,2725,United States,US,Music,255.0,46.0,51.0,45822000.0,11500.0,183300.0,137500.0,2200000.0,,2012.0,Sep,23.0,88.2,328239523.0,14.7,270663028.0,37.09024,-95.712891,United States
163,164,Adele,30200000,14199108016.0,Music,Adele,15,United Kingdom,GB,Music,248.0,6.0,53.0,137099000.0,34300.0,548400.0,411300.0,6600000.0,100000.0,2008.0,Apr,4.0,60.0,66834405.0,3.85,55908316.0,55.378051,-3.435973,United Kingdom
165,166,ýýýýýýýý ýýýýýýýý ýýýýýýýýýý | toyoraljanahtv,30200000,27684955537.0,Entertainment,ýýýýýýýý ýýýýýýýý ýýýýýýýýýý | toyoraljanahtv,3254,Jordan,JO,Music,51.0,1.0,52.0,116434000.0,29100.0,465700.0,349300.0,5600000.0,100000.0,2008.0,Nov,24.0,34.4,10101694.0,14.72,9213048.0,30.585164,36.238414,Jordan
167,168,Spinnin' Records,30100000,19607009165.0,Music,Spinnin' Records,11501,Netherlands,NL,Music,127.0,1.0,54.0,100040000.0,25000.0,400200.0,300100.0,4800000.0,100000.0,2007.0,Jul,12.0,85.0,17332850.0,3.2,15924729.0,52.132633,5.291266,others
170,171,Shawn Mendes,30000000,12831200855.0,Music,Shawn Mendes,133,Canada,CA,Music,295.0,4.0,55.0,88749000.0,22200.0,355000.0,266200.0,4300000.0,,2011.0,Jan,19.0,68.9,36991981.0,5.56,30628482.0,56.130366,-106.346771,Canada
172,173,Ultra Records,29600000,17208027242.0,Music,Ultra Records,4903,United States,US,Music,165.0,50.0,56.0,81884000.0,20500.0,327500.0,245700.0,3900000.0,,2006.0,Oct,24.0,88.2,328239523.0,14.7,270663028.0,37.09024,-95.712891,United States
187,188,Michael Jackson,28200000,14412474625.0,Music,Michael Jackson,15,United States,US,Music,242.0,54.0,59.0,158591000.0,39600.0,634400.0,475800.0,7600000.0,200000.0,2005.0,Jun,22.0,88.2,328239523.0,14.7,270663028.0,37.09024,-95.712891,United States
191,192,Bounce Patrol - Kids Songs,27800000,21037851468.0,Music,Bounce Patrol - Kids Songs,292,Australia,AU,Music,111.0,1.0,61.0,127441000.0,31900.0,509800.0,382300.0,6100000.0,,2013.0,Jan,1.0,113.1,25766605.0,5.27,21844756.0,-25.274398,133.775136,others
192,193,toycantando,27700000,15777682516.0,Music,toycantando,619,Colombia,CO,Music,197.0,4.0,62.0,173836000.0,43500.0,695300.0,521500.0,8300000.0,200000.0,2009.0,Jul,7.0,55.3,50339443.0,9.71,40827302.0,4.570868,-74.297333,Colombia
193,194,MrBeast 2,27500000,4552581106.0,People & Blogs,Leaux Pass,27,United States,US,Music,2161873.0,5889.0,4311.0,649.0,0.0,0.0,0.0,0.0,,2011.0,Jun,23.0,88.2,328239523.0,14.7,270663028.0,37.09024,-95.712891,United States
194,195,Wiz Khalifa,27500000,13379395501.0,Music,Wiz Khalifa,682,United States,US,Music,275.0,57.0,63.0,90450000.0,22600.0,361800.0,271300.0,4300000.0,100000.0,2008.0,May,9.0,88.2,328239523.0,14.7,270663028.0,37.09024,-95.712891,United States
195,196,JYP Entertainment,27400000,19883150017.0,Music,JYP Entertainment,1753,South Korea,KR,Music,124.0,4.0,64.0,307631000.0,76900.0,1200000.0,922900.0,14800000.0,200000.0,2008.0,Jan,25.0,94.3,51709098.0,4.15,42106719.0,35.907757,127.766922,South Korea
209,210,WORLDSTARHIPHOP,26500000,20358117330.0,Music,WORLDSTARHIPHOP,6873,United States,US,Music,117.0,63.0,65.0,89098000.0,22300.0,356400.0,267300.0,4300000.0,,2008.0,Nov,8.0,88.2,328239523.0,14.7,270663028.0,37.09024,-95.712891,United States
217,218,1MILLION Dance Studio,26100000,7886440199.0,Entertainment,1MILLION Dance Studio,0,Saudi Arabia,SA,Music,4057944.0,3695.0,5641.0,,0.0,0.0,0.0,0.0,,2019.0,Jul,13.0,68.0,34268528.0,5.93,28807838.0,23.885942,45.079162,others
219,220,Beyoncï¿,26000000,17308961985.0,Music,Beyoncï¿,240,United States,US,Music,163.0,66.0,66.0,55454000.0,13900.0,221800.0,166400.0,2700000.0,,2005.0,Nov,7.0,88.2,328239523.0,14.7,270663028.0,37.09024,-95.712891,United States
223,224,David Guetta,25700000,17793809548.0,Music,David Guetta,749,United States,US,Music,153.0,67.0,67.0,164215000.0,41100.0,656900.0,492600.0,7900000.0,100000.0,2009.0,Dec,11.0,88.2,328239523.0,14.7,270663028.0,37.09024,-95.712891,United States
225,226,Nicki Minaj,25700000,10242981063.0,Music,Nicki Minaj,42,United States,US,Music,425.0,67.0,67.0,103631000.0,25900.0,414500.0,310900.0,5000000.0,100000.0,2013.0,Aug,28.0,88.2,328239523.0,14.7,270663028.0,37.09024,-95.712891,United States
227,228,TaylorSwiftVEVO,25600000,25592378292.0,Music,TaylorSwiftVEVO,287,United States,US,Music,67.0,68.0,68.0,318593000.0,79600.0,1300000.0,955800.0,15300000.0,100000.0,2009.0,May,12.0,88.2,328239523.0,14.7,270663028.0,37.09024,-95.712891,United States
229,230,Post Malone,25500000,14401218086.0,Music,Post Malone,78,United States,US,Music,243.0,69.0,69.0,195499000.0,48900.0,782000.0,586500.0,9400000.0,100000.0,2011.0,Dec,15.0,88.2,328239523.0,14.7,270663028.0,37.09024,-95.712891,United States
232,233,Coldplay,25300000,17331663193.0,Music,Coldplay,398,United Kingdom,GB,Music,160.0,8.0,70.0,198875000.0,49700.0,795500.0,596600.0,9500000.0,100000.0,2010.0,Jan,3.0,60.0,66834405.0,3.85,55908316.0,55.378051,-3.435973,United Kingdom
238,239,RihannaVEVO,25100000,19458807708.0,Music,RihannaVEVO,118,United States,US,Music,130.0,71.0,72.0,94246000.0,23600.0,377000.0,282700.0,4500000.0,,2009.0,May,12.0,88.2,328239523.0,14.7,270663028.0,37.09024,-95.712891,United States
241,242,Anuel AA,25000000,14827085149.0,Music,Anuel AA,147,Colombia,CO,Music,225.0,6.0,73.0,284144000.0,71000.0,1100000.0,852400.0,13600000.0,300000.0,2016.0,Sep,8.0,55.3,50339443.0,9.71,40827302.0,4.570868,-74.297333,Colombia
246,247,EminemVEVO,24700000,20531704527.0,Music,EminemVEVO,104,United States,US,Music,115.0,73.0,74.0,139443000.0,34900.0,557800.0,418300.0,6700000.0,100000.0,2009.0,May,12.0,88.2,328239523.0,14.7,270663028.0,37.09024,-95.712891,United States
248,249,KatyPerryVEVO,24600000,23755792542.0,Music,KatyPerryVEVO,175,United States,US,Music,82.0,74.0,75.0,88940000.0,22200.0,355800.0,266800.0,4300000.0,100000.0,2009.0,Dec,13.0,88.2,328239523.0,14.7,270663028.0,37.09024,-95.712891,United States
259,260,netd mï¿½ï¿,24100000,56106087508.0,Music,netd mï¿½ï¿,23491,Turkey,TR,Music,14.0,2.0,76.0,424815000.0,106200.0,1700000.0,1300000.0,20400000.0,200000.0,2014.0,Jan,23.0,23.9,83429615.0,13.49,63097818.0,38.963745,35.243322,others
260,261,DJ Snake,24100000,8425505919.0,Music,DJ Snake,252,United States,US,Music,602.0,77.0,76.0,63293000.0,15800.0,253200.0,189900.0,3000000.0,,2008.0,Sep,24.0,88.2,328239523.0,14.7,270663028.0,37.09024,-95.712891,United States
262,263,KSI,24100000,6002166932.0,Entertainment,KSI,1252,United Kingdom,GB,Music,1053.0,10.0,76.0,5439000.0,1400.0,21800.0,16300.0,261100.0,,2009.0,Jul,25.0,60.0,66834405.0,3.85,55908316.0,55.378051,-3.435973,United Kingdom
271,272,Enrique Iglesias,23800000,17688774915.0,Music,Enrique Iglesias,443,United States,US,Music,154.0,80.0,77.0,122914000.0,30700.0,491700.0,368700.0,5900000.0,100000.0,2007.0,Apr,12.0,88.2,328239523.0,14.7,270663028.0,37.09024,-95.712891,United States
287,288,Lady Gaga,23200000,15751661213.0,People & Blogs,Lady Gaga,172,United States,US,Music,198.0,83.0,79.0,143169000.0,35800.0,572700.0,429500.0,6900000.0,100000.0,2008.0,May,15.0,88.2,328239523.0,14.7,270663028.0,37.09024,-95.712891,United States
289,290,Wave Music Bhojpuri,23100000,12889240875.0,Music,Wave Music Bhojpuri,22578,India,IN,Music,293.0,59.0,81.0,52678000.0,13200.0,210700.0,158000.0,2500000.0,100000.0,2014.0,Aug,10.0,28.1,1366417754.0,5.36,471031528.0,20.593684,78.96288,India
290,291,GMM GRAMMY OFFICIAL,23100000,25579831081.0,Music,GMM GRAMMY OFFICIAL,15462,Thailand,TH,Music,68.0,4.0,81.0,130233000.0,32600.0,520900.0,390700.0,6300000.0,,2010.0,Nov,8.0,49.3,69625582.0,0.75,35294600.0,15.870032,100.992541,Thailand
292,293,unknown boy varun,23100000,9299371231.0,Music,unknown boy varun,456,India,IN,Music,506.0,58.0,80.0,304021000.0,76000.0,1200000.0,912100.0,14600000.0,700000.0,2016.0,Sep,27.0,28.1,1366417754.0,5.36,471031528.0,20.593684,78.96288,India
293,294,Kids TV - Nursery Rhymes And Baby Songs,23100000,13151870846.0,Shows,Kids TV - Nursery Rhymes And Baby Songs,3781,United States,US,Music,282.0,85.0,81.0,128448000.0,32100.0,513800.0,385300.0,6200000.0,700000.0,2013.0,Aug,30.0,88.2,328239523.0,14.7,270663028.0,37.09024,-95.712891,United States
297,298,White Hill Music,23000000,10939966484.0,Entertainment,White Hill Music,5718,India,IN,Music,382.0,60.0,82.0,93183000.0,23300.0,372700.0,279500.0,4500000.0,100000.0,2014.0,Mar,23.0,28.1,1366417754.0,5.36,471031528.0,20.593684,78.96288,India
300,301,toyorbabytv,22900000,16298342829.0,Music,toyorbabytv,1159,Jordan,JO,Music,181.0,2.0,83.0,169056000.0,42300.0,676200.0,507200.0,8100000.0,300000.0,2012.0,Nov,1.0,34.4,10101694.0,14.72,9213048.0,30.585164,36.238414,Jordan
307,308,The Chainsmokers,22600000,14231943358.0,Music,The Chainsmokers,180,United States,US,Music,246.0,88.0,84.0,81660000.0,20400.0,326600.0,245000.0,3900000.0,100000.0,2012.0,Sep,22.0,88.2,328239523.0,14.7,270663028.0,37.09024,-95.712891,United States
309,310,Sia,22600000,13405849040.0,Music,Sia,171,United States,US,Music,273.0,88.0,84.0,95253000.0,23800.0,381000.0,285800.0,4600000.0,,2007.0,Nov,19.0,88.2,328239523.0,14.7,270663028.0,37.09024,-95.712891,United States
314,315,Paulo Londra,22400000,8040036209.0,Music,Paulo Londra,58,Argentina,AR,Music,648.0,6.0,85.0,72242000.0,18100.0,289000.0,216700.0,3500000.0,,2016.0,Aug,8.0,90.0,44938712.0,9.79,41339571.0,-38.416097,-63.616672,Argentina
315,316,Smile Family,22300000,8663830163.0,People & Blogs,SMILE Family,34,France,FR,Music,3805801.0,3046.0,4509.0,735.0,0.18,3.0,2.0,35.0,10.0,2019.0,Nov,3.0,65.6,67059887.0,8.43,54123364.0,46.227638,2.213749,France
318,319,Charlie Puth,22000000,9924807127.0,Music,Charlie Puth,157,United States,US,Music,449.0,94.0,86.0,111500000.0,27900.0,446000.0,334500.0,5400000.0,100000.0,2009.0,Sep,9.0,88.2,328239523.0,14.7,270663028.0,37.09024,-95.712891,United States
324,325,Disney Latinoamï¿½ï¿½,21900000,20657571751.0,Entertainment,disneylatinoamerica,116,Mexico,MX,Music,1277277.0,2973.0,4085.0,4719.0,1.0,19.0,14.0,227.0,,2008.0,Apr,7.0,40.2,126014024.0,3.42,102626859.0,23.634501,-102.552784,others
327,328,Dua Lipa,21800000,11288359365.0,Music,Dua Lipa,164,United Kingdom,GB,Music,368.0,14.0,87.0,128047000.0,32000.0,512200.0,384100.0,6100000.0,100000.0,2011.0,Feb,5.0,60.0,66834405.0,3.85,55908316.0,55.378051,-3.435973,United Kingdom
328,329,OneDirectionVEVO,21800000,12140232004.0,Music,OneDirectionVEVO,266,United Kingdom,GB,Music,322.0,14.0,87.0,51134000.0,12800.0,204500.0,153400.0,2500000.0,,2010.0,Dec,4.0,60.0,66834405.0,3.85,55908316.0,55.378051,-3.435973,United Kingdom
336,337,Tekashi 6ix9ine,21500000,5890180734.0,People & Blogs,Tekashi 6ix9ine,51,United States,US,Music,1081.0,96.0,88.0,113542000.0,28400.0,454200.0,340600.0,5400000.0,200000.0,2018.0,Apr,6.0,88.2,328239523.0,14.7,270663028.0,37.09024,-95.712891,United States
341,342,Sidhu Moose Wala,21400000,6264261757.0,Music,Sidhu Moose Wala,114,India,IN,Music,987.0,67.0,89.0,160690000.0,40200.0,642800.0,482100.0,7700000.0,500000.0,2017.0,Oct,30.0,28.1,1366417754.0,5.36,471031528.0,20.593684,78.96288,India
343,344,Becky G,21300000,10644857969.0,Music,Becky G,78,United States,US,Music,396.0,98.0,90.0,103171000.0,25800.0,412700.0,309500.0,5000000.0,100000.0,2011.0,Sep,6.0,88.2,328239523.0,14.7,270663028.0,37.09024,-95.712891,United States
361,362,Romeo Santos,20900000,17324976752.0,Music,RomeoSantos,6,United States,US,Music,2595710.0,5417.0,4067.0,99.0,0.02,0.4,0.3,5.0,,2006.0,Jul,31.0,88.2,328239523.0,14.7,270663028.0,37.09024,-95.712891,United States
371,372,Avicii,20600000,10292874715.0,Music,Avicii,156,Sweden,SE,Music,421.0,1.0,92.0,81236000.0,20300.0,324900.0,243700.0,3900000.0,,2009.0,Oct,28.0,67.0,10285453.0,6.48,9021165.0,60.128161,18.643501,others
380,381,Emiway Bantai,20400000,3579555124.0,Music,Emiway Bantai,239,India,IN,Music,2236.0,70.0,94.0,41289000.0,10300.0,165200.0,123900.0,2000000.0,100000.0,2013.0,May,3.0,28.1,1366417754.0,5.36,471031528.0,20.593684,78.96288,India
392,393,Skrillex,20100000,6618524158.0,Music,Skrillex,241,United States,US,Music,905.0,108.0,95.0,25263000.0,6300.0,101100.0,75800.0,1200000.0,,2010.0,Apr,6.0,88.2,328239523.0,14.7,270663028.0,37.09024,-95.712891,United States
396,397,7clouds,20100000,14816075927.0,Music,7clouds,2384,United States,US,Music,227.0,108.0,95.0,276751000.0,69200.0,1100000.0,830300.0,13300000.0,300000.0,2013.0,May,25.0,88.2,328239523.0,14.7,270663028.0,37.09024,-95.712891,United States
401,402,Vevo,20000000,559765455.0,Music,Vevo,1527,United States,US,Music,22747.0,109.0,96.0,1331000.0,333.0,5300.0,4000.0,63900.0,,2006.0,Apr,14.0,88.2,328239523.0,14.7,270663028.0,37.09024,-95.712891,United States
405,406,Gusttavo Lima Oficial,19900000,13917423958.0,Music,Gusttavo Lima Oficial,416,Brazil,BR,Music,258.0,21.0,97.0,214803000.0,53700.0,859200.0,644400.0,10300000.0,100000.0,2010.0,Nov,9.0,51.3,212559417.0,12.08,183241641.0,-14.235004,-51.92528,Brazil
413,414,SCTV,19700000,9808676159.0,Entertainment,SCTV,267,United Kingdom,GB,Music,2831648.0,3695.0,4668.0,336.0,0.08,1.0,1.0,16.0,,2006.0,Mar,25.0,60.0,66834405.0,3.85,55908316.0,55.378051,-3.435973,United Kingdom
428,429,Sonotek,19200000,7590582024.0,Entertainment,Sonotek,8285,India,IN,Music,724.0,77.0,98.0,28678000.0,7200.0,114700.0,86000.0,1400000.0,100000.0,2011.0,Jan,11.0,28.1,1366417754.0,5.36,471031528.0,20.593684,78.96288,India
437,438,Calvin Harris,19000000,16014044618.0,Music,Calvin Harris,79,United Kingdom,GB,Music,191.0,18.0,99.0,102410000.0,25600.0,409600.0,307200.0,4900000.0,100000.0,2007.0,Feb,11.0,60.0,66834405.0,3.85,55908316.0,55.378051,-3.435973,United Kingdom
446,447,Farruko,18800000,9573641299.0,Music,Farruko,217,United States,US,Music,485.0,117.0,100.0,97758000.0,24400.0,391000.0,293300.0,4700000.0,100000.0,2009.0,Oct,30.0,88.2,328239523.0,14.7,270663028.0,37.09024,-95.712891,United States
449,450,CKN,18700000,12295637162.0,Entertainment,cKn,16,Spain,ES,Music,3188353.0,4093.0,5631.0,102.0,0.03,0.41,0.31,5.0,1.0,2005.0,Sep,26.0,88.9,47076781.0,13.96,37927409.0,40.463667,-3.74922,Spain
453,454,GRAMMY GOLD OFFICIAL,18600000,20196704276.0,Music,GRAMMY GOLD OFFICIAL,6287,Thailand,TH,Music,121.0,5.0,101.0,168597000.0,42100.0,674400.0,505800.0,8100000.0,100000.0,2014.0,Jan,15.0,49.3,69625582.0,0.75,35294600.0,15.870032,100.992541,Thailand
455,456,Dan-Sa / Daniel Saboya,18500000,2908120896.0,Music,Dan-Sa / Daniel Saboya,1329,Brazil,BR,Music,45213.0,24.0,102.0,6148000000.0,0.0,0.0,0.0,0.0,100000.0,2007.0,Sep,22.0,51.3,212559417.0,12.08,183241641.0,-14.235004,-51.92528,Brazil
462,463,RsiamMusic : ï¿½ï¿½ï¿½ï¿½ï¿½ï¿½ï¿½ï¿½,18400000,11544297793.0,Music,RsiamMusic : ï¿½ï¿½ï¿½ï¿½ï¿½ï¿½ï¿½ï¿½,3159,Thailand,TH,Music,346.0,6.0,103.0,54133000.0,13500.0,216500.0,162400.0,2600000.0,100000.0,2011.0,Mar,8.0,49.3,69625582.0,0.75,35294600.0,15.870032,100.992541,Thailand
464,465,shakiraVEVO,18400000,25367126292.0,Music,shakiraVEVO,197,United States,US,Music,72.0,120.0,103.0,267126000.0,66800.0,1100000.0,801400.0,12800000.0,,2009.0,Sep,2.0,88.2,328239523.0,14.7,270663028.0,37.09024,-95.712891,United States
475,476,officialpsy,18100000,10703830496.0,Music,officialpsy,131,South Korea,KR,Music,393.0,10.0,104.0,64989000.0,16200.0,260000.0,195000.0,3100000.0,,2010.0,Oct,4.0,94.3,51709098.0,4.15,42106719.0,35.907757,127.766922,South Korea
480,481,Sebastiï¿½ï¿½ï¿½,18000000,10463166404.0,News & Politics,Sebastiï¿½ï¿½ï¿½,237,United States,US,Music,406.0,124.0,105.0,110776000.0,27700.0,443100.0,332300.0,5300000.0,,2013.0,Mar,30.0,88.2,328239523.0,14.7,270663028.0,37.09024,-95.712891,United States
481,482,SonyMusicSouthVEVO,18000000,17921124985.0,Music,SonyMusicSouthVEVO,5692,United States,US,Music,148.0,123.0,104.0,257597000.0,64400.0,1000000.0,772800.0,12400000.0,100000.0,2014.0,Jul,14.0,88.2,328239523.0,14.7,270663028.0,37.09024,-95.712891,United States
485,486,KatieAngel,17900000,3841205465.0,People & Blogs,KatieAngel,982,United States,US,Music,2014.0,125.0,106.0,51687000.0,12900.0,206700.0,155100.0,2500000.0,100000.0,2015.0,May,19.0,88.2,328239523.0,14.7,270663028.0,37.09024,-95.712891,United States
488,489,Demi Lovato,17900000,6888074944.0,Music,Demi Lovato,314,United States,US,Music,858.0,125.0,106.0,29182000.0,7300.0,116700.0,87500.0,1400000.0,,2008.0,Jan,30.0,88.2,328239523.0,14.7,270663028.0,37.09024,-95.712891,United States
490,491,Jason Derulo,17900000,9887116267.0,Music,Jason Derulo,830,United States,US,Music,446.0,124.0,105.0,447891000.0,112000.0,1800000.0,1300000.0,21500000.0,400000.0,2008.0,Jul,21.0,88.2,328239523.0,14.7,270663028.0,37.09024,-95.712891,United States
497,498,ArianaGrandeVevo,17700000,20115544708.0,Music,ArianaGrandeVevo,178,United States,US,Music,122.0,127.0,108.0,97422000.0,24400.0,389700.0,292300.0,4700000.0,,2010.0,Oct,21.0,88.2,328239523.0,14.7,270663028.0,37.09024,-95.712891,United States
504,505,El Payaso Plim Plim,17700000,17247584185.0,Film & Animation,El Payaso Plim Plim,1316,Argentina,AR,Music,162.0,10.0,107.0,640030000.0,160000.0,2600000.0,1900000.0,30700000.0,600000.0,2013.0,Oct,18.0,90.0,44938712.0,9.79,41339571.0,-38.416097,-63.616672,Argentina
510,511,JFlaMusic,17600000,3802280098.0,Music,JFlaMusic,326,South Korea,KR,Music,2056.0,12.0,109.0,11099000.0,2800.0,44400.0,33300.0,532700.0,,2011.0,Aug,22.0,94.3,51709098.0,4.15,42106719.0,35.907757,127.766922,South Korea
517,518,ýýýýýýýýýýýýýýýý - Al-Remas,17400000,11144195464.0,Music,ýýýýýýýýýýýýýýýý - Al-Remas,2133,Iraq,IQ,Music,371.0,1.0,110.0,113003000.0,28300.0,452000.0,339000.0,5400000.0,,2013.0,Sep,27.0,16.2,39309783.0,12.82,27783368.0,33.223191,43.679291,others
525,526,Anitta,17200000,7337212581.0,Music,Anitta,138,Brazil,BR,Music,769.0,28.0,111.0,72684000.0,18200.0,290700.0,218100.0,3500000.0,,2011.0,Nov,2.0,51.3,212559417.0,12.08,183241641.0,-14.235004,-51.92528,Brazil
532,533,Queen Official,17000000,10847948832.0,Music,Queen Official,1015,United Kingdom,GB,Music,385.0,21.0,112.0,93768000.0,23400.0,375100.0,281300.0,4500000.0,100000.0,2008.0,Jul,7.0,60.0,66834405.0,3.85,55908316.0,55.378051,-3.435973,United Kingdom
535,536,LuisFonsiVEVO,17000000,14543594822.0,Music,LuisFonsiVEVO,97,United States,US,Music,241.0,133.0,112.0,49817000.0,12500.0,199300.0,149500.0,2400000.0,,2009.0,May,12.0,88.2,328239523.0,14.7,270663028.0,37.09024,-95.712891,United States
536,537,Pop Chartbusters,16900000,8684010451.0,Music,Pop Chartbusters,2235,India,IN,Music,574.0,90.0,113.0,72911000.0,18200.0,291600.0,218700.0,3500000.0,200000.0,2011.0,Aug,26.0,28.1,1366417754.0,5.36,471031528.0,20.593684,78.96288,India
551,552,Travis Scott,16700000,7979736581.0,Music,Travis Scott,13,United States,US,Music,564542.0,1920.0,1751.0,37623.0,9.0,150.0,113.0,1800.0,,2010.0,Sep,1.0,88.2,328239523.0,14.7,270663028.0,37.09024,-95.712891,United States
558,559,Lahari Music - TSeries,16600000,11946217860.0,Music,Lahari Music - TSeries,8976,India,IN,Music,326.0,91.0,115.0,89012000.0,22300.0,356000.0,267000.0,4300000.0,100000.0,2011.0,Nov,21.0,28.1,1366417754.0,5.36,471031528.0,20.593684,78.96288,India
573,574,Boyce Avenue,16300000,6578828147.0,Music,Boyce Avenue,490,United States,US,Music,913.0,139.0,117.0,28787000.0,7200.0,115100.0,86400.0,1400000.0,,2007.0,Sep,2.0,88.2,328239523.0,14.7,270663028.0,37.09024,-95.712891,United States
574,575,Camila Cabello,16300000,6613422635.0,Music,Camila Cabello,80,United States,US,Music,906.0,139.0,117.0,42704000.0,10700.0,170800.0,128100.0,2000000.0,100000.0,2015.0,Aug,11.0,88.2,328239523.0,14.7,270663028.0,37.09024,-95.712891,United States
575,576,Little Mix,16300000,7520242626.0,Music,Little Mix,278,United Kingdom,GB,Music,740.0,22.0,117.0,38604000.0,9700.0,154400.0,115800.0,1900000.0,,2011.0,Nov,30.0,60.0,66834405.0,3.85,55908316.0,55.378051,-3.435973,United Kingdom
577,578,Pitbull,16300000,12475714382.0,Music,Pitbull,352,United States,US,Music,308.0,139.0,117.0,88004000.0,22000.0,352000.0,264000.0,4200000.0,,2006.0,Jul,5.0,88.2,328239523.0,14.7,270663028.0,37.09024,-95.712891,United States
578,579,Bollywood Classics,16300000,7141825267.0,Entertainment,Bollywood Classics,1444,India,IN,Music,804.0,93.0,116.0,151477000.0,37900.0,605900.0,454400.0,7300000.0,300000.0,2011.0,Oct,13.0,28.1,1366417754.0,5.36,471031528.0,20.593684,78.96288,India
581,582,Jennifer Lopez,16200000,10227242833.0,Music,Jennifer Lopez,258,United States,US,Music,426.0,140.0,118.0,63441000.0,15900.0,253800.0,190300.0,3000000.0,,2005.0,Nov,18.0,88.2,328239523.0,14.7,270663028.0,37.09024,-95.712891,United States
589,590,AdMe,16200000,4488680903.0,Entertainment,Aday Cï¿½ï¿½ï¿½ï¿½ï,10,Spain,ES,Music,4048675.0,4228.0,5766.0,4.0,0.0,0.02,0.01,0.19,,2006.0,May,2.0,88.9,47076781.0,13.96,37927409.0,40.463667,-3.74922,Spain
607,608,DopeLyrics,15900000,9962188084.0,Music,DopeLyrics,2035,United States,US,Music,444.0,142.0,120.0,9915000.0,2500.0,39700.0,29700.0,475900.0,,2016.0,Jun,9.0,88.2,328239523.0,14.7,270663028.0,37.09024,-95.712891,United States
610,611,MK MUSIC,15900000,9198986881.0,Music,MK MUSIC,5105,Brazil,BR,Music,516.0,33.0,120.0,136388000.0,34100.0,545600.0,409200.0,6500000.0,100000.0,2010.0,Jan,18.0,51.3,212559417.0,12.08,183241641.0,-14.235004,-51.92528,Brazil
612,613,Camilo,15900000,6802382479.0,Music,Camilo,132,Colombia,CO,Music,871.0,8.0,120.0,59890000.0,15000.0,239600.0,179700.0,2900000.0,100000.0,2010.0,Jul,29.0,55.3,50339443.0,9.71,40827302.0,4.570868,-74.297333,Colombia
618,619,DM - Desi Melodies,15700000,5914071870.0,Music,DM - Desi Melodies,79,India,IN,Music,1071.0,97.0,121.0,141842000.0,35500.0,567400.0,425500.0,6800000.0,300000.0,2017.0,Jul,8.0,28.1,1366417754.0,5.36,471031528.0,20.593684,78.96288,India
620,621,Team Films Bhojpuri,15700000,6626563508.0,Music,Team Films Bhojpuri,19703,India,IN,Music,902.0,97.0,121.0,30744000.0,7700.0,123000.0,92200.0,1500000.0,,2014.0,Jul,18.0,28.1,1366417754.0,5.36,471031528.0,20.593684,78.96288,India
621,622,Zee Music Classic,15700000,5558051295.0,Music,Zee Music Classic,1640,India,IN,Music,1174.0,97.0,121.0,86450000.0,21600.0,345800.0,259300.0,4100000.0,100000.0,2014.0,May,20.0,28.1,1366417754.0,5.36,471031528.0,20.593684,78.96288,India
630,631,Katakit Baby TV,15500000,6386271870.0,Music,Katakit Baby TV,220,Saudi Arabia,SA,Music,954.0,4.0,122.0,90914000.0,22700.0,363700.0,272700.0,4400000.0,200000.0,2010.0,Jul,26.0,68.0,34268528.0,5.93,28807838.0,23.885942,45.079162,others
633,634,Henrique e Juliano,15500000,14619523361.0,Music,Henrique e Juliano,325,Brazil,BR,Music,236.0,35.0,123.0,163678000.0,40900.0,654700.0,491000.0,7900000.0,,2009.0,Jun,27.0,51.3,212559417.0,12.08,183241641.0,-14.235004,-51.92528,Brazil
643,644,Genierock,15400000,14564170905.0,Music,Genierock,1725,Thailand,TH,Music,239.0,11.0,124.0,82798000.0,20700.0,331200.0,248400.0,4000000.0,100000.0,2008.0,Mar,9.0,49.3,69625582.0,0.75,35294600.0,15.870032,100.992541,Thailand
644,645,zayn,15400000,4909687948.0,Music,zayn,21,United States,US,Music,1401.0,147.0,124.0,36790000.0,9200.0,147200.0,110400.0,1800000.0,100000.0,2016.0,Jan,26.0,88.2,328239523.0,14.7,270663028.0,37.09024,-95.712891,United States
654,655,SRK MUSIC,15200000,6391679636.0,Music,SRK MUSIC,5056,India,IN,Music,955.0,102.0,126.0,57809000.0,14500.0,231200.0,173400.0,2800000.0,200000.0,2012.0,Mar,16.0,28.1,1366417754.0,5.36,471031528.0,20.593684,78.96288,India
656,657,T-Series Hamaar Bhojpuri,15200000,7564652648.0,Entertainment,T-Series Hamaar Bhojpuri,9862,India,IN,Music,728.0,101.0,125.0,105978000.0,26500.0,423900.0,317900.0,5100000.0,200000.0,2011.0,Nov,1.0,28.1,1366417754.0,5.36,471031528.0,20.593684,78.96288,India
671,672,BIGBANG,15100000,7857371770.0,Music,BIGBANG,776,South Korea,KR,Music,680.0,13.0,127.0,40806000.0,10200.0,163200.0,122400.0,2000000.0,,2005.0,Oct,10.0,94.3,51709098.0,4.15,42106719.0,35.907757,127.766922,South Korea
675,676,AdeleVEVO,15100000,12413869881.0,Music,AdeleVEVO,52,United Kingdom,GB,Music,309.0,25.0,127.0,84750000.0,21200.0,339000.0,254300.0,4100000.0,100000.0,2009.0,Oct,15.0,60.0,66834405.0,3.85,55908316.0,55.378051,-3.435973,United Kingdom
686,687,Sony Music South,15000000,9978734160.0,Music,Sony Music South,2726,India,IN,Music,439.0,103.0,127.0,242185000.0,60500.0,968700.0,726600.0,11600000.0,300000.0,2014.0,Aug,6.0,28.1,1366417754.0,5.36,471031528.0,20.593684,78.96288,India
691,692,Zï¿½ï¿½ï¿½ï¿½ï¿½ï¿½ï,15000000,11506702632.0,Music,Zï¿½ï¿½ï¿½ï¿½ï¿½ï¿½ï,340,Brazil,BR,Music,347.0,36.0,128.0,182871000.0,45700.0,731500.0,548600.0,8800000.0,,2012.0,Apr,3.0,51.3,212559417.0,12.08,183241641.0,-14.235004,-51.92528,Brazil
693,694,50 Cent,14900000,10069000444.0,Music,50 Cent,419,United States,US,Music,435.0,152.0,129.0,119812000.0,30000.0,479200.0,359400.0,5800000.0,100000.0,2007.0,Feb,8.0,88.2,328239523.0,14.7,270663028.0,37.09024,-95.712891,United States
696,697,melanie martinez,14900000,4395184343.0,Music,melanie martinez,127,United States,US,Music,1656.0,152.0,129.0,56358000.0,14100.0,225400.0,169100.0,2700000.0,100000.0,2007.0,Nov,3.0,88.2,328239523.0,14.7,270663028.0,37.09024,-95.712891,United States
705,706,MattyBRaps,14800000,3587576784.0,Music,MattyBRaps,195,United States,US,Music,2226.0,153.0,130.0,22980000.0,5700.0,91900.0,68900.0,1100000.0,,2010.0,May,31.0,88.2,328239523.0,14.7,270663028.0,37.09024,-95.712891,United States
708,709,Meghan Trainor,14800000,8649303688.0,People & Blogs,Meghan Trainor,233,United States,US,Music,580.0,153.0,130.0,51645000.0,12900.0,206600.0,154900.0,2500000.0,,2008.0,Jun,4.0,88.2,328239523.0,14.7,270663028.0,37.09024,-95.712891,United States
709,710,Jorge & Mateus Oficial,14800000,9076642765.0,Music,Jorge & Mateus Oficial,318,Brazil,BR,Music,529.0,38.0,130.0,88120000.0,22000.0,352500.0,264400.0,4200000.0,,2008.0,Jul,29.0,51.3,212559417.0,12.08,183241641.0,-14.235004,-51.92528,Brazil
730,731,Martin Garrix,14600000,6017932195.0,Music,Martin Garrix,365,United States,US,Music,1044.0,155.0,131.0,35528000.0,8900.0,142100.0,106600.0,1700000.0,,2011.0,Jan,15.0,88.2,328239523.0,14.7,270663028.0,37.09024,-95.712891,United States
731,732,O Reino Infantil,14600000,11182302317.0,Music,O Reino Infantil,1206,Brazil,BR,Music,369.0,40.0,131.0,109865000.0,27500.0,439500.0,329600.0,5300000.0,100000.0,2014.0,Aug,19.0,51.3,212559417.0,12.08,183241641.0,-14.235004,-51.92528,Brazil
732,733,Fifth Harmony,14600000,7952268926.0,Music,Fifth Harmony,67,United States,US,Music,659.0,155.0,131.0,37632000.0,9400.0,150500.0,112900.0,1800000.0,,2013.0,Feb,21.0,88.2,328239523.0,14.7,270663028.0,37.09024,-95.712891,United States
733,734,Mis Pastelitos,14600000,2750902766.0,Howto & Style,Mis Pastelitos,603,Mexico,MX,Music,3248.0,27.0,131.0,50677000.0,12700.0,202700.0,152000.0,2400000.0,100000.0,2014.0,Jun,24.0,40.2,126014024.0,3.42,102626859.0,23.634501,-102.552784,others
735,736,LEGENDA FUNK,14500000,2440718089.0,Music,LegendaFUNK,0,Brazil,BR,Music,,,,,0.0,0.0,0.0,0.0,,,,,51.3,212559417.0,12.08,183241641.0,-14.235004,-51.92528,Brazil
742,743,Eli Kids - Cartoons & Songs,14500000,4821183481.0,,Eli Kids - Cartoons & Songs,605,United States,US,Music,1423.0,156.0,132.0,149241000.0,37300.0,597000.0,447700.0,7200000.0,400000.0,2018.0,Jan,16.0,88.2,328239523.0,14.7,270663028.0,37.09024,-95.712891,United States
744,745,Aadishakti Films,14500000,6290721701.0,Music,Aadishakti Films,4790,India,IN,Music,981.0,107.0,132.0,48447000.0,12100.0,193800.0,145300.0,2300000.0,200000.0,2016.0,Oct,28.0,28.1,1366417754.0,5.36,471031528.0,20.593684,78.96288,India
748,749,Maroon5VEVO,14500000,20042571499.0,Music,Maroon5VEVO,147,United States,US,Music,123.0,156.0,132.0,98185000.0,24500.0,392700.0,294600.0,4700000.0,,2009.0,May,12.0,88.2,328239523.0,14.7,270663028.0,37.09024,-95.712891,United States
749,750,Saad Lamjarred | ï¿½ï¿½ï¿½ï¿½ï¿½ï¿,14500000,4315486422.0,Music,Saad Lamjarred | ï¿½ï¿½ï¿½ï¿½ï¿½ï¿,176,Morocco,MA,Music,1710.0,1.0,132.0,37577000.0,9400.0,150300.0,112700.0,1800000.0,,2012.0,Dec,22.0,35.9,36910560.0,9.02,22975026.0,31.791702,-7.09262,others
759,760,Coke Studio,14400000,4035738731.0,Music,Rohail Hyatt,450,United States,US,Music,23796.0,962.0,836.0,3557000.0,889.0,14200.0,10700.0,170700.0,10000.0,2008.0,Jun,4.0,88.2,328239523.0,14.7,270663028.0,37.09024,-95.712891,United States
766,767,SelenaGomezVEVO,14400000,11423792969.0,Music,SelenaGomezVEVO,186,United States,US,Music,354.0,157.0,133.0,88657000.0,22200.0,354600.0,266000.0,4300000.0,,2009.0,Nov,24.0,88.2,328239523.0,14.7,270663028.0,37.09024,-95.712891,United States
770,771,Wish 107.5,14200000,6048517979.0,Music,Wish 107.5,1823,Philippines,PH,Music,1036.0,8.0,134.0,62658000.0,15700.0,250600.0,188000.0,3000000.0,,2014.0,Jul,13.0,35.5,108116615.0,2.15,50975903.0,12.879721,121.774017,others
782,783,Neha Kakkar,14100000,2131548711.0,Music,Neha Kakkar,149,India,IN,Music,4624.0,110.0,134.0,25605000.0,6400.0,102400.0,76800.0,1200000.0,100000.0,2012.0,Oct,22.0,28.1,1366417754.0,5.36,471031528.0,20.593684,78.96288,India
788,789,Lana Del Rey,14100000,6884215292.0,Music,Lana Del Rey,43,United States,US,Music,856.0,160.0,135.0,135563000.0,33900.0,542300.0,406700.0,6500000.0,200000.0,2011.0,May,5.0,88.2,328239523.0,14.7,270663028.0,37.09024,-95.712891,United States
789,790,MalumaVEVO,14100000,19013942981.0,Music,MalumaVEVO,182,United States,US,Music,138.0,160.0,135.0,98834000.0,24700.0,395300.0,296500.0,4700000.0,,2011.0,Jun,15.0,88.2,328239523.0,14.7,270663028.0,37.09024,-95.712891,United States
796,797,Luli Pampï¿½,14000000,8623705301.0,Music,Luli Pampï¿½,294,Spain,ES,Music,579.0,15.0,136.0,201659000.0,50400.0,806600.0,605000.0,9700000.0,100000.0,2012.0,Dec,22.0,88.9,47076781.0,13.96,37927409.0,40.463667,-3.74922,Spain
800,801,Zee Telugu,14000000,12597067132.0,Entertainment,zeetelugu,3,India,IN,Music,4039216.0,4651.0,4603.0,7.0,0.0,0.03,0.02,0.34,,2007.0,Jan,31.0,28.1,1366417754.0,5.36,471031528.0,20.593684,78.96288,India
803,804,karameeshchannel,13900000,9106781518.0,Entertainment,karameeshchannel,2254,Jordan,JO,Music,526.0,3.0,137.0,87639000.0,21900.0,350600.0,262900.0,4200000.0,100000.0,2012.0,Jan,18.0,34.4,10101694.0,14.72,9213048.0,30.585164,36.238414,Jordan
806,807,T-Series Regional,13900000,5217553897.0,Entertainment,T-Series Regional,15075,India,IN,Music,1275.0,111.0,136.0,33484000.0,8400.0,133900.0,100500.0,1600000.0,100000.0,2011.0,Feb,14.0,28.1,1366417754.0,5.36,471031528.0,20.593684,78.96288,India
809,810,Atlantic Records,13900000,12513842343.0,Music,Atlantic Records,1660,United States,US,Music,307.0,161.0,137.0,97284000.0,24300.0,389100.0,291900.0,4700000.0,100000.0,2006.0,Dec,15.0,88.2,328239523.0,14.7,270663028.0,37.09024,-95.712891,United States
820,821,Think Music India,13800000,11039343563.0,Music,Think Music India,4978,India,IN,Music,374.0,112.0,137.0,217106000.0,54300.0,868400.0,651300.0,10400000.0,200000.0,2009.0,Aug,15.0,28.1,1366417754.0,5.36,471031528.0,20.593684,78.96288,India
828,829,Wesley Safadï¿½,13700000,8134379376.0,Music,Wesley Safadï¿½,438,Brazil,BR,Music,631.0,47.0,139.0,64059000.0,16000.0,256200.0,192200.0,3100000.0,,2009.0,Jun,21.0,51.3,212559417.0,12.08,183241641.0,-14.235004,-51.92528,Brazil
834,835,Lindsey Stirling,13600000,3764608356.0,Music,Lindsey Stirling,199,United States,US,Music,2084.0,163.0,139.0,15277000.0,3800.0,61100.0,45800.0,733300.0,100000.0,2007.0,May,20.0,88.2,328239523.0,14.7,270663028.0,37.09024,-95.712891,United States
841,842,JULIA GISELLA,13500000,5380132790.0,Entertainment,Julia Gisella,19,United Kingdom,GB,Music,3767960.0,2492.0,3189.0,1615.0,0.4,6.0,5.0,78.0,130.0,2015.0,Mar,24.0,60.0,66834405.0,3.85,55908316.0,55.378051,-3.435973,United Kingdom
842,843,Awakening Music,13500000,5545936485.0,Music,Awakening Music,814,United Kingdom,GB,Music,1183.0,30.0,140.0,35309000.0,8800.0,141200.0,105900.0,1700000.0,100000.0,2006.0,Dec,25.0,60.0,66834405.0,3.85,55908316.0,55.378051,-3.435973,United Kingdom
847,848,Conor Maynard,13500000,2750993392.0,Music,Conor Maynard,321,United States,US,Music,3257.0,165.0,140.0,10787000.0,2700.0,43100.0,32400.0,517800.0,,2006.0,May,19.0,88.2,328239523.0,14.7,270663028.0,37.09024,-95.712891,United States
850,851,Codiscos,13400000,11789678655.0,Music,Codiscos,7356,Colombia,CO,Music,330.0,9.0,140.0,228902000.0,57200.0,915600.0,686700.0,11000000.0,100000.0,2007.0,Feb,8.0,55.3,50339443.0,9.71,40827302.0,4.570868,-74.297333,Colombia
878,879,Sonotek Bhakti,13200000,3789736218.0,Entertainment,Sonotek Bhakti,8019,India,IN,Music,2063.0,118.0,142.0,25321000.0,6300.0,101300.0,76000.0,1200000.0,,2010.0,Dec,27.0,28.1,1366417754.0,5.36,471031528.0,20.593684,78.96288,India
882,883,jbalvinVEVO,13200000,20743586601.0,Music,jbalvinVEVO,237,Colombia,CO,Music,113.0,10.0,142.0,86270000.0,21600.0,345100.0,258800.0,4100000.0,,2010.0,Sep,30.0,55.3,50339443.0,9.71,40827302.0,4.570868,-74.297333,Colombia
890,891,Lokdhun Punjabi,13100000,4712624489.0,Music,Lokdhun Punjabi,1262,India,IN,Music,1484.0,119.0,143.0,34438000.0,8600.0,137800.0,103300.0,1700000.0,100000.0,2010.0,Dec,27.0,28.1,1366417754.0,5.36,471031528.0,20.593684,78.96288,India
895,896,Hungria Hip Hop,13100000,4608751851.0,Music,Hungria Hip Hop,73,Brazil,BR,Music,1541.0,50.0,143.0,48223000.0,12100.0,192900.0,144700.0,2300000.0,,2013.0,Apr,13.0,51.3,212559417.0,12.08,183241641.0,-14.235004,-51.92528,Brazil
898,899,twenty one pilots,13100000,5264039679.0,Music,twenty one pilots,194,United States,US,Music,1255.0,169.0,143.0,50922000.0,12700.0,203700.0,152800.0,2400000.0,,2009.0,Sep,5.0,88.2,328239523.0,14.7,270663028.0,37.09024,-95.712891,United States
899,900,DJ Khaled,13100000,6637820731.0,Music,DjKhaled,12,Samoa,WS,Music,3967392.0,81.0,5659.0,379.0,0.09,2.0,1.0,18.0,3.0,2006.0,May,27.0,7.6,202506.0,8.36,35588.0,-13.759029,-172.104629,others
903,904,Lofi Girl,13000000,1698279553.0,Music,Lofi Girl,409,France,FR,Music,6059.0,3.0,143.0,30471000.0,7600.0,121900.0,91400.0,1500000.0,100000.0,2015.0,Mar,18.0,65.6,67059887.0,8.43,54123364.0,46.227638,2.213749,France
909,910,7 Minutoz,13000000,4349562794.0,Music,7 Minutoz,521,Brazil,BR,Music,1692.0,51.0,144.0,29526000.0,7400.0,118100.0,88600.0,1400000.0,,2012.0,Jun,4.0,51.3,212559417.0,12.08,183241641.0,-14.235004,-51.92528,Brazil
916,917,Akon,12900000,6300933122.0,Music,Akon,39,United States,US,Music,976.0,171.0,145.0,91240000.0,22800.0,365000.0,273700.0,4400000.0,100000.0,2005.0,Nov,5.0,88.2,328239523.0,14.7,270663028.0,37.09024,-95.712891,United States
919,920,EnriqueIglesiasVEVO,12900000,15446707595.0,Music,EnriqueIglesiasVEVO,137,United States,US,Music,210.0,171.0,145.0,75773000.0,18900.0,303100.0,227300.0,3600000.0,100000.0,2009.0,May,12.0,88.2,328239523.0,14.7,270663028.0,37.09024,-95.712891,United States
929,930,Beyoncï¿½ï¿½,12800000,14185611472.0,Music,Beyoncï¿½ï¿½,168,United States,US,Music,250.0,172.0,146.0,89566000.0,22400.0,358300.0,268700.0,4300000.0,,2009.0,Sep,2.0,88.2,328239523.0,14.7,270663028.0,37.09024,-95.712891,United States
933,934,Adexe & Nau,12700000,4579773883.0,Music,Adexe & Nau,594,Spain,ES,Music,1563.0,18.0,147.0,10083000.0,2500.0,40300.0,30200.0,484000.0,,2013.0,Dec,22.0,88.9,47076781.0,13.96,37927409.0,40.463667,-3.74922,Spain
937,938,YoungBoy Never Broke Again,12700000,13174393401.0,Entertainment,YoungBoy Never Broke Again,142,United States,US,Music,279.0,173.0,147.0,169968000.0,42500.0,679900.0,509900.0,8200000.0,100000.0,2015.0,Jan,4.0,88.2,328239523.0,14.7,270663028.0,37.09024,-95.712891,United States
946,947,NickiMinajAtVEVO,12600000,8831179714.0,Music,NickiMinajAtVEVO,99,United States,US,Music,557.0,174.0,148.0,35027000.0,8800.0,140100.0,105100.0,1700000.0,,2010.0,Apr,1.0,88.2,328239523.0,14.7,270663028.0,37.09024,-95.712891,United States
947,948,Ellie Goulding,12600000,6969178081.0,Music,Ellie Goulding,218,United Kingdom,GB,Music,841.0,32.0,148.0,36681000.0,9200.0,146700.0,110000.0,1800000.0,,2007.0,Jan,29.0,60.0,66834405.0,3.85,55908316.0,55.378051,-3.435973,United Kingdom
965,966,Mundo Bita,12500000,16690788752.0,Music,Mundo Bita,253,Brazil,BR,Music,171.0,54.0,149.0,213700000.0,53400.0,854800.0,641100.0,10300000.0,100000.0,2011.0,Sep,29.0,51.3,212559417.0,12.08,183241641.0,-14.235004,-51.92528,Brazil
966,967,Wave Music Bhakti,12500000,5146004207.0,Music,Wave Music Bhakti,19899,India,IN,Music,1299.0,123.0,149.0,11079000.0,2800.0,44300.0,33200.0,531800.0,,2011.0,Apr,19.0,28.1,1366417754.0,5.36,471031528.0,20.593684,78.96288,India
987,988,Avril Lavigne,12400000,6202090191.0,Music,Avril Lavigne,205,United States,US,Music,999.0,176.0,150.0,50188000.0,12500.0,200800.0,150600.0,2400000.0,,2005.0,Oct,8.0,88.2,328239523.0,14.7,270663028.0,37.09024,-95.712891,United States
